aX,aY,aZ,gX,gY,gZ
-2.039,1.071,0.569,27.100,-53.955,4.639
-2.378,1.206,0.661,18.982,-65.796,-13.123
-2.485,1.333,0.618,3.723,-62.256,-43.335
-2.399,1.515,0.436,-7.751,-57.251,-76.294
-2.287,1.732,0.360,-9.644,-59.998,-100.342
-2.207,1.949,0.423,-4.700,-73.608,-109.070
-2.077,2.131,0.479,-5.493,-95.520,-108.765
-1.973,2.326,0.361,-17.212,-131.470,-101.074
-1.780,2.520,0.119,-32.166,-165.344,-95.215
-1.526,2.722,-0.159,-41.931,-193.848,-88.501
-0.995,2.975,-0.377,-42.053,-213.501,-92.773
-0.378,3.084,-0.278,-27.954,-228.394,-99.609
0.299,3.090,0.057,-9.033,-226.440,-108.887
1.072,2.917,0.367,-8.911,-205.933,-124.451
2.075,2.710,0.646,-23.437,-177.979,-138.733
2.786,2.444,0.839,-39.551,-157.166,-135.132
3.263,2.075,0.968,-62.561,-143.250,-111.938
3.500,1.662,1.045,-78.125,-132.690,-83.984
3.664,1.218,1.149,-87.708,-130.066,-57.922
3.615,0.726,1.306,-95.398,-124.023,-38.513
3.480,0.228,1.358,-102.600,-93.506,-38.086
3.505,-0.196,1.307,-110.107,-57.434,-57.861
3.692,-0.575,1.093,-117.737,-23.010,-77.026
3.658,-0.945,0.950,-117.554,5.066,-72.937
3.472,-1.323,0.845,-107.666,27.039,-51.575
3.408,-1.592,1.011,-90.759,48.767,-27.710
3.225,-1.758,1.361,-81.726,82.581,-3.357
2.973,-2.039,1.360,-94.971,124.878,20.203
2.865,-2.303,1.308,-106.934,142.273,46.997
2.611,-2.474,1.335,-102.051,142.029,84.351
2.288,-2.686,1.386,-93.567,155.579,119.202
2.019,-2.761,1.370,-83.130,182.861,140.381
1.565,-2.756,1.385,-64.880,215.393,159.119
0.843,-2.660,1.388,-48.218,239.380,190.796
0.002,-2.538,1.476,-35.583,251.343,229.004
-0.983,-2.432,1.540,-30.151,255.188,259.216
-1.872,-2.307,1.448,-30.823,258.179,268.677
-2.626,-2.138,1.147,-38.330,261.169,255.920
-3.216,-1.958,0.766,-42.847,261.780,234.802
-3.824,-1.542,0.310,-36.987,247.070,208.496
-4.000,-1.098,-0.099,-24.597,224.976,179.382
-4.000,-0.724,-0.468,-9.094,209.534,140.381
-4.000,-0.398,-0.798,6.775,189.514,84.412
-4.000,-0.036,-0.997,28.137,161.072,17.090
-4.000,0.299,-1.099,47.546,136.841,-45.593
-4.000,0.530,-1.156,64.270,111.755,-96.191
-4.000,0.791,-1.200,83.862,70.740,-139.832
-4.000,1.084,-1.157,105.225,21.179,-175.476
-3.619,1.396,-1.054,124.329,-18.616,-203.552
-2.667,1.596,-0.870,136.597,-45.532,-227.112
-1.715,1.751,-0.529,147.644,-59.021,-240.906
-0.850,1.830,-0.064,155.151,-72.388,-243.835
-0.022,1.896,0.368,153.992,-88.928,-237.610
0.857,2.018,0.646,141.846,-116.394,-225.708
1.734,2.118,0.819,125.671,-149.231,-207.153
2.498,2.136,0.943,105.347,-171.448,-180.115
3.100,2.117,0.995,88.440,-173.828,-146.301
3.335,2.050,1.101,80.688,-160.217,-108.337
3.354,1.949,1.238,75.562,-123.535,-75.195
3.229,1.876,1.327,65.125,-81.909,-42.847
2.828,1.732,1.329,40.955,-49.622,-10.986
2.299,1.568,1.159,7.935,-24.475,20.752
1.700,1.347,0.815,-29.419,-10.193,51.575
1.034,1.123,0.399,-55.664,8.301,76.050
0.388,0.991,0.020,-70.313,26.611,87.280
-0.006,0.932,-0.214,-72.449,48.828,83.130
-0.279,0.888,-0.287,-58.105,40.222,81.604
-0.572,0.889,-0.233,-41.748,7.935,86.060
-0.779,0.912,-0.196,-34.363,-10.132,82.581
-0.917,0.867,-0.239,-35.034,-8.972,69.580
-0.899,0.838,-0.298,-39.734,0.000,47.791
-0.799,0.842,-0.310,-40.039,9.644,25.269
-0.673,0.851,-0.321,-38.147,12.512,8.545
-0.535,0.843,-0.328,-35.583,12.817,-0.305
-0.471,0.833,-0.324,-31.128,12.024,-2.686
-0.425,0.829,-0.307,-25.757,10.376,-6.531
-0.314,0.844,-0.309,-20.996,9.888,-14.526
-0.173,0.869,-0.302,-15.259,10.986,-20.325
-0.062,0.886,-0.266,-8.484,10.803,-19.287
-0.007,0.894,-0.208,-1.892,8.362,-13.306
0.018,0.910,-0.152,2.136,2.258,-7.263
0.036,0.933,-0.102,3.723,-4.211,-2.930
0.055,0.955,-0.078,2.991,-7.141,-1.099
0.072,0.965,-0.098,0.732,-4.150,1.160
0.070,0.976,-0.120,-0.793,0.000,3.540
0.058,0.980,-0.112,-0.183,3.296,5.615
0.052,0.997,-0.102,1.526,5.981,7.202
0.009,1.003,-0.099,2.991,9.033,8.545
-0.009,1.010,-0.091,3.662,10.864,7.935
-0.013,1.016,-0.094,3.357,11.719,7.019
-0.033,1.012,-0.092,2.686,11.475,7.324
-0.064,1.016,-0.079,2.930,9.583,7.446
-0.085,1.018,-0.065,3.662,7.324,6.653
-0.092,1.025,-0.049,3.052,6.348,4.944
-0.115,1.023,-0.036,0.916,6.592,2.686
-0.122,1.010,-0.049,-1.953,6.714,0.732
-0.142,1.003,-0.060,-3.723,4.700,0.000
-0.155,1.004,-0.061,-4.333,0.916,-0.122
-0.154,1.000,-0.066,-5.188,-0.671,-0.916
-0.157,0.993,-0.078,-6.165,0.305,-2.136
-0.166,0.980,-0.098,-6.958,1.709,-4.578
-0.143,0.973,-0.121,-6.836,1.892,-7.202
-0.108,0.971,-0.130,-5.798,2.258,-9.277
-0.079,0.967,-0.136,-4.822,3.113,-9.949
-0.061,0.968,-0.119,-3.906,3.662,-9.216
-0.050,0.977,-0.100,-3.113,3.296,-7.874
-0.061,0.965,-0.105,-3.967,3.357,-6.348
-0.020,0.980,-0.133,-5.798,2.197,-5.371
-0.023,0.967,-0.141,-5.676,0.732,-2.625
-0.008,0.976,-0.149,-6.226,1.343,-1.831
-0.008,0.963,-0.154,-5.127,3.784,0.732
-0.001,0.975,-0.156,-4.150,4.700,2.136
0.017,0.978,-0.157,-3.052,4.211,1.770
0.004,0.976,-0.149,-1.465,2.930,5.249
-0.005,0.981,-0.130,-0.366,1.587,7.874
-0.044,0.984,-0.117,0.732,1.404,9.949
-0.088,0.989,-0.115,0.488,1.404,9.949
-0.104,0.995,-0.120,-0.305,2.625,8.850
-0.096,0.996,-0.134,-0.977,3.052,7.935

-1.589,1.269,0.139,27.039,-49.500,4.639
-1.622,1.347,0.074,18.372,-55.115,-4.211
-1.485,1.484,-0.002,9.644,-60.059,-14.221
-1.401,1.596,-0.128,3.357,-65.857,-18.494
-1.364,1.688,-0.245,-0.732,-72.083,-16.663
-1.262,1.836,-0.315,1.831,-86.853,-13.367
-1.143,1.999,-0.361,6.165,-103.577,-10.986
-0.997,2.106,-0.322,10.864,-120.056,-6.226
-0.867,2.192,-0.207,14.893,-135.132,-3.052
-0.658,2.300,-0.115,13.245,-145.569,-3.418
-0.347,2.370,-0.118,6.104,-150.757,-6.287
0.003,2.378,-0.122,-3.052,-154.297,-9.583
0.354,2.339,-0.049,-5.554,-150.696,-13.062
0.686,2.314,0.111,-2.686,-144.104,-19.897
1.001,2.292,0.397,-0.183,-130.127,-29.419
1.274,2.269,0.680,-5.249,-112.976,-37.537
1.507,2.187,0.900,-20.569,-100.952,-41.443
1.694,2.011,1.024,-42.419,-98.938,-38.208
1.802,1.807,1.039,-66.772,-102.173,-27.832
1.855,1.535,0.991,-89.600,-102.234,-16.602
1.912,1.276,0.870,-105.347,-96.741,-10.681
1.894,1.005,0.700,-112.732,-83.923,-9.216
1.914,0.786,0.586,-112.305,-62.317,-12.695
1.922,0.676,0.636,-108.459,-34.058,-20.020
1.907,0.531,0.618,-109.558,-0.793,-27.588
1.924,0.405,0.601,-111.206,21.240,-30.151
1.884,0.302,0.658,-109.375,27.222,-23.315
1.813,0.201,0.701,-109.375,31.738,-12.756
1.690,0.081,0.659,-112.000,37.048,-1.770
1.521,-0.053,0.577,-113.220,40.771,8.484
1.341,-0.174,0.491,-109.314,45.593,17.456
1.172,-0.267,0.427,-100.281,53.162,23.682
0.960,-0.356,0.438,-88.135,64.758,26.001
0.753,-0.407,0.412,-79.285,81.177,23.743
0.602,-0.448,0.427,-73.792,99.792,22.522
0.325,-0.504,0.400,-69.214,110.474,23.621
0.078,-0.576,0.266,-65.369,114.136,27.649
-0.099,-0.622,0.137,-58.716,112.854,36.072
-0.296,-0.674,0.044,-47.729,112.549,46.448
-0.448,-0.733,-0.015,-35.706,116.333,49.255
-0.596,-0.695,0.008,-23.682,123.962,41.260
-0.751,-0.651,0.037,-14.526,135.925,30.640
-0.733,-0.612,0.023,-10.132,145.813,18.555
-0.704,-0.526,-0.037,-7.690,147.705,9.460
-0.658,-0.482,-0.100,-3.418,148.499,5.798
-0.634,-0.448,-0.121,0.854,148.743,6.958
-0.760,-0.425,-0.120,5.676,151.184,9.338
-0.846,-0.427,-0.116,12.024,158.264,7.446
-0.935,-0.307,-0.119,20.874,162.170,3.784
-1.049,-0.221,-0.117,29.419,159.973,1.465
-1.097,-0.135,-0.100,36.438,156.555,-0.549
-1.154,0.011,-0.086,41.687,153.564,-4.333
-1.171,0.083,-0.093,43.396,151.672,-7.812
-1.215,0.125,-0.133,44.983,143.921,-7.385
-1.345,0.164,-0.188,50.659,129.639,-4.578
-1.471,0.213,-0.234,59.509,113.770,-3.723
-1.594,0.304,-0.282,69.275,102.112,-6.897
-1.732,0.486,-0.344,78.308,93.689,-12.146
-1.923,0.659,-0.393,85.876,82.581,-16.846
-2.141,0.796,-0.393,92.346,68.115,-18.005
-2.300,1.042,-0.360,98.877,48.401,-22.766
-2.379,1.254,-0.358,99.304,28.503,-34.912
-2.290,1.451,-0.426,95.947,9.827,-47.058
-2.179,1.615,-0.424,96.313,-9.338,-55.847
-2.199,1.739,-0.284,100.220,-29.053,-58.105
-2.128,1.900,-0.164,99.731,-49.805,-62.134
-1.941,1.941,-0.142,94.055,-71.106,-69.153
-1.677,1.987,-0.174,90.515,-90.149,-76.599
-1.283,2.050,-0.143,97.290,-110.107,-84.412
-0.876,2.008,-0.036,102.722,-121.277,-90.637
-0.435,2.003,0.128,107.239,-123.413,-93.506
0.021,1.992,0.348,110.596,-130.371,-94.543
0.450,1.930,0.531,105.652,-131.226,-90.942
0.888,1.900,0.698,94.543,-127.197,-83.557
1.238,1.842,0.803,77.820,-122.253,-70.984
1.498,1.790,0.794,53.894,-115.601,-51.819
1.724,1.742,0.694,31.372,-109.985,-31.189
1.842,1.661,0.562,13.123,-104.309,-9.521
1.804,1.550,0.424,2.686,-91.309,10.193
1.665,1.470,0.336,0.305,-74.890,25.452
1.462,1.403,0.336,2.686,-58.472,37.354
1.223,1.318,0.362,4.089,-40.527,47.119
0.969,1.241,0.380,1.709,-25.024,52.429
0.735,1.183,0.370,-4.517,-15.869,55.298
0.529,1.122,0.298,-14.160,-9.949,56.519
0.323,1.043,0.196,-24.719,-5.249,56.641
0.134,0.983,0.089,-31.738,-2.136,55.054
-0.026,0.932,-0.001,-33.813,0.610,50.476
-0.133,0.908,-0.065,-32.898,5.310,42.664
-0.208,0.885,-0.099,-30.090,10.254,33.752
-0.262,0.866,-0.135,-27.039,14.099,24.719
-0.278,0.871,-0.159,-24.231,15.808,15.686
-0.297,0.872,-0.165,-20.813,15.747,8.789
-0.324,0.863,-0.156,-17.456,15.503,4.883
-0.334,0.869,-0.120,-14.893,13.672,1.526
-0.312,0.877,-0.083,-13.123,12.573,-3.357
-0.297,0.881,-0.071,-12.268,13.062,-9.460
-0.258,0.880,-0.083,-11.719,13.855,-15.198
-0.201,0.897,-0.091,-9.155,13.000,-19.104
-0.156,0.917,-0.085,-6.348,11.475,-20.874
-0.140,0.927,-0.077,-4.272,10.803,-20.203
-0.144,0.933,-0.054,-2.319,8.423,-18.311
-0.121,0.951,-0.036,-1.160,5.554,-17.090
-0.107,0.949,-0.025,-1.404,5.005,-15.991
-0.115,0.948,-0.022,-2.075,4.639,-14.526
-0.115,0.947,-0.018,-2.808,4.395,-12.878
-0.122,0.952,-0.023,-3.601,5.188,-10.864
-0.125,0.956,-0.046,-4.517,5.859,-8.728
-0.140,0.953,-0.063,-4.761,3.662,-5.493
-0.152,0.953,-0.060,-3.906,0.610,-2.747
-0.166,0.956,-0.049,-3.357,-0.366,-1.282
-0.172,0.951,-0.049,-3.723,1.038,-1.343
-0.165,0.954,-0.049,-3.296,2.563,-2.686
-0.152,0.960,-0.051,-2.380,1.709,-3.967
-0.133,0.960,-0.063,-1.526,0.977,-4.456
-0.114,0.965,-0.079,-0.732,1.465,-4.089
-0.096,0.972,-0.076,0.427,2.319,-3.784
-0.091,0.980,-0.065,1.465,3.906,-3.235
-0.120,0.972,-0.054,1.221,5.432,-2.502

-1.134,1.381,-0.089,-5.432,-82.397,9.094
-1.036,1.472,-0.165,-3.845,-93.384,8.972
-0.892,1.611,-0.219,-0.916,-98.267,7.141
-0.810,1.738,-0.230,2.686,-98.694,6.470
-0.702,1.871,-0.229,3.845,-97.778,5.676
-0.568,1.968,-0.152,3.052,-104.004,6.836
-0.421,2.051,-0.052,-1.221,-114.868,12.390
-0.311,2.060,0.015,-9.766,-127.197,22.522
-0.219,2.046,0.033,-21.118,-141.968,33.752
-0.159,2.005,0.036,-32.532,-152.344,42.297
-0.091,1.957,0.076,-40.222,-155.029,44.373
0.028,1.954,0.085,-45.593,-150.085,37.903
0.182,1.960,0.080,-49.744,-139.221,26.917
0.354,1.958,0.079,-51.270,-129.944,16.663
0.512,1.918,0.147,-47.241,-123.474,8.667
0.660,1.835,0.214,-41.992,-119.934,1.831
0.841,1.728,0.289,-36.316,-115.662,-4.639
1.016,1.637,0.383,-32.471,-105.835,-11.230
1.177,1.523,0.519,-31.860,-93.933,-16.907
1.248,1.438,0.724,-36.926,-81.482,-20.142
1.315,1.335,0.768,-54.199,-68.848,-24.109
1.372,1.203,0.631,-76.233,-59.631,-27.771
1.410,1.044,0.510,-89.722,-50.964,-30.640
1.455,0.913,0.421,-91.064,-41.626,-32.349
1.503,0.799,0.338,-85.571,-33.875,-32.166
1.489,0.659,0.280,-75.562,-22.705,-30.884
1.434,0.546,0.263,-63.843,-6.653,-30.029
1.439,0.442,0.299,-53.162,9.827,-33.508
1.483,0.361,0.475,-45.959,26.245,-37.720
1.411,0.267,0.554,-47.729,46.509,-38.269
1.397,0.155,0.490,-57.800,67.017,-37.292
1.394,0.087,0.462,-66.284,77.515,-31.555
1.190,0.022,0.466,-73.120,86.548,-21.179
1.014,-0.042,0.414,-79.956,96.619,-13.916
0.904,-0.067,0.303,-85.205,105.225,-9.521
0.795,-0.094,0.218,-84.717,112.061,-2.686
0.629,-0.099,0.223,-74.707,120.056,10.254
0.393,-0.113,0.279,-64.209,124.878,23.376
0.153,-0.102,0.312,-57.373,125.488,27.832
-0.087,-0.093,0.274,-54.810,126.282,27.588
-0.340,-0.118,0.215,-52.124,125.122,25.940
-0.554,-0.128,0.141,-47.729,125.366,22.949
-0.698,-0.164,0.057,-40.344,125.427,19.592
-0.798,-0.181,0.016,-31.616,126.038,12.085
-0.859,-0.205,-0.006,-21.606,132.385,0.427
-0.897,-0.203,-0.056,-14.709,140.381,-13.794
-0.933,-0.194,-0.075,-10.254,149.902,-28.992
-0.978,-0.178,-0.097,-5.615,160.706,-42.603
-0.889,-0.168,-0.083,-0.122,162.476,-52.734
-0.791,-0.145,-0.032,7.019,157.349,-55.542
-0.705,-0.168,0.006,8.606,149.902,-52.734
-0.616,-0.205,0.007,9.277,154.724,-50.293
-0.552,-0.234,-0.064,6.409,157.532,-47.058
-0.529,-0.262,-0.139,7.446,157.288,-39.612
-0.540,-0.219,-0.188,13.550,154.236,-31.860
-0.590,-0.181,-0.197,24.353,145.996,-21.179
-0.660,-0.114,-0.197,33.386,138.916,-9.705
-0.724,-0.032,-0.196,40.710,133.911,-0.916
-0.909,0.000,-0.198,46.448,131.653,7.568
-1.113,0.045,-0.193,52.612,127.197,15.198
-1.283,0.179,-0.211,58.777,117.432,18.982
-1.457,0.287,-0.214,63.843,107.483,19.226
-1.538,0.410,-0.269,66.650,98.450,17.090
-1.585,0.561,-0.365,68.665,85.388,15.259
-1.717,0.698,-0.437,74.219,69.092,18.677
-1.949,0.827,-0.450,85.510,47.852,25.940
-2.162,0.940,-0.408,96.802,26.917,26.367
-2.329,1.051,-0.370,105.957,12.451,17.761
-2.385,1.129,-0.303,112.793,3.601,1.526
-2.316,1.265,-0.193,117.737,-5.676,-17.578
-2.233,1.455,-0.037,121.094,-19.592,-34.424
-2.182,1.567,0.053,117.737,-37.354,-47.546
-2.025,1.688,0.077,113.342,-55.908,-56.213
-1.810,1.791,0.106,110.107,-89.417,-63.965
-1.620,1.794,0.151,106.079,-110.107,-69.580
-1.438,1.792,0.190,101.440,-121.460,-75.623
-1.176,1.790,0.212,98.267,-129.272,-84.778
-0.789,1.871,0.231,96.008,-139.404,-93.506
-0.346,1.998,0.288,92.590,-151.062,-99.304
0.052,2.056,0.336,86.060,-155.701,-99.915
0.500,2.072,0.411,77.881,-154.236,-97.473
0.910,2.070,0.499,72.021,-155.518,-90.759
1.265,2.024,0.584,64.087,-150.940,-78.308
1.542,1.958,0.687,55.298,-142.883,-65.063
1.749,1.883,0.772,46.082,-130.920,-52.124
1.822,1.790,0.829,32.898,-114.380,-34.668
1.821,1.714,0.822,16.907,-102.722,-15.015
1.731,1.615,0.728,-0.305,-96.436,9.033
1.552,1.482,0.586,-15.564,-83.618,29.846
1.308,1.349,0.426,-26.672,-65.186,41.504
1.092,1.237,0.280,-32.227,-48.401,43.152
0.931,1.140,0.163,-33.508,-31.616,39.734
0.765,1.062,0.066,-32.349,-14.404,35.339
0.613,0.998,0.007,-30.212,-2.014,31.738
0.453,0.943,-0.028,-27.527,7.385,29.907
0.288,0.902,-0.036,-25.513,14.343,28.564
0.143,0.870,-0.031,-26.123,18.250,26.794
0.005,0.843,-0.057,-29.236,19.226,25.208
-0.133,0.826,-0.110,-32.166,19.592,22.888
-0.241,0.817,-0.161,-33.691,18.555,17.883
-0.308,0.809,-0.200,-32.959,18.250,11.108
-0.332,0.811,-0.217,-29.541,19.775,2.258
-0.315,0.832,-0.193,-24.597,21.118,-6.348
-0.314,0.836,-0.166,-20.081,22.522,-13.733
-0.282,0.839,-0.151,-16.357,21.545,-19.470
-0.244,0.861,-0.142,-12.390,18.066,-22.705
-0.208,0.878,-0.136,-9.155,13.611,-23.804
-0.191,0.889,-0.114,-6.592,11.230,-23.315
-0.199,0.897,-0.090,-4.211,10.193,-23.193
-0.167,0.917,-0.083,-3.723,8.728,-24.170
-0.135,0.925,-0.072,-2.991,8.057,-24.536
-0.102,0.949,-0.059,-2.991,7.324,-24.292
-0.084,0.968,-0.047,-3.601,7.141,-23.132
-0.074,0.974,-0.046,-4.700,7.263,-21.484
-0.058,0.977,-0.053,-5.188,6.836,-19.226
-0.042,0.981,-0.052,-4.395,4.578,-16.479
-0.034,0.983,-0.049,-3.357,1.282,-13.245
-0.042,0.987,-0.039,-3.113,0.610,-10.742
-0.041,0.989,-0.034,-3.601,1.282,-9.338

-1.250,1.298,-0.270,-2.930,-59.875,11.536
-1.224,1.411,-0.312,1.709,-73.181,13.550
-1.194,1.536,-0.332,6.104,-85.510,15.442
-1.160,1.648,-0.369,8.057,-91.614,17.334
-1.090,1.756,-0.373,10.071,-96.069,19.531
-1.036,1.876,-0.279,13.428,-107.727,24.170
-0.903,2.020,-0.149,11.169,-119.568,27.405
-0.763,2.146,-0.089,-1.038,-131.775,30.334
-0.554,2.252,-0.048,-12.268,-139.587,30.212
-0.350,2.333,0.000,-19.409,-139.404,24.353
-0.094,2.401,0.053,-25.208,-136.475,12.024
0.234,2.455,0.179,-23.315,-127.808,-2.808
0.526,2.504,0.474,-15.930,-117.126,-14.954
0.831,2.493,0.765,-13.916,-112.244,-21.729
1.110,2.410,0.984,-22.278,-108.521,-26.978
1.341,2.246,1.134,-34.607,-101.501,-30.701
1.575,2.070,1.210,-53.650,-97.290,-33.936
1.748,1.857,1.173,-75.500,-91.553,-32.776
1.856,1.613,1.063,-96.313,-82.336,-30.579
1.905,1.382,0.890,-112.610,-76.782,-27.649
1.910,1.122,0.686,-121.521,-64.026,-26.855
1.893,0.896,0.526,-120.056,-50.537,-26.672
1.848,0.707,0.441,-113.464,-35.889,-28.625
1.807,0.542,0.348,-106.934,-14.160,-32.898
1.816,0.418,0.308,-101.440,6.775,-37.048
1.793,0.346,0.420,-100.525,25.269,-36.682
1.695,0.225,0.364,-110.107,45.410,-32.104
1.628,0.105,0.204,-120.178,56.519,-24.963
1.513,0.006,0.092,-118.774,60.059,-11.536
1.308,-0.058,0.072,-108.093,63.110,1.831
1.117,-0.112,0.076,-93.445,69.702,10.742
0.999,-0.192,0.141,-77.820,78.613,15.625
0.890,-0.254,0.211,-61.646,85.510,19.104
0.794,-0.303,0.262,-47.485,86.792,24.902
0.708,-0.296,0.307,-42.480,90.210,26.917
0.553,-0.313,0.303,-46.875,109.009,23.499
0.311,-0.403,0.277,-51.819,128.601,24.475
0.166,-0.453,0.221,-50.842,138.123,28.442
0.016,-0.474,0.211,-45.654,135.132,37.781
-0.264,-0.530,0.252,-37.598,138.794,48.401
-0.571,-0.502,0.279,-32.898,148.499,52.002
-0.866,-0.500,0.287,-32.043,151.184,46.448
-1.056,-0.497,0.196,-31.189,151.123,34.607
-1.118,-0.500,0.048,-27.283,153.809,17.456
-1.077,-0.460,-0.078,-17.883,157.043,-2.869
-0.954,-0.381,-0.135,-4.639,162.292,-21.484
-0.842,-0.294,-0.092,8.789,169.617,-34.790
-0.830,-0.221,-0.033,19.470,172.485,-38.330
-0.845,-0.174,0.029,25.330,164.795,-34.790
-0.884,-0.141,0.022,25.757,151.733,-28.625
-0.978,-0.122,-0.057,22.949,142.334,-21.667
-1.079,-0.115,-0.194,21.729,136.902,-18.433
-1.070,-0.065,-0.299,27.588,131.226,-21.118
-1.042,0.033,-0.334,39.124,130.188,-24.658
-1.054,0.140,-0.361,50.659,131.287,-24.231
-1.157,0.230,-0.378,60.852,125.183,-16.907
-1.289,0.270,-0.350,71.472,110.229,-6.287
-1.406,0.360,-0.301,81.970,94.238,1.160
-1.575,0.466,-0.279,87.708,81.177,5.737
-1.747,0.583,-0.267,90.332,73.792,8.484
-1.884,0.757,-0.286,92.590,66.345,6.958
-2.016,0.930,-0.332,93.140,51.514,3.357
-2.141,1.070,-0.373,93.872,32.837,2.014
-2.288,1.143,-0.396,97.473,11.658,-0.549
-2.304,1.214,-0.363,106.262,-10.803,-9.827
-2.250,1.250,-0.234,116.699,-28.015,-26.001
-2.148,1.341,-0.101,124.268,-35.034,-43.396
-1.977,1.430,0.026,126.831,-47.485,-59.814
-1.772,1.569,0.053,126.343,-64.697,-72.021
-1.476,1.713,0.008,122.803,-85.205,-80.383
-1.148,1.771,0.002,117.493,-102.417,-84.961
-0.853,1.787,0.084,116.272,-115.295,-84.045
-0.546,1.783,0.257,116.028,-127.930,-81.848
-0.253,1.819,0.415,113.281,-134.521,-78.979
0.050,1.902,0.505,106.018,-134.888,-75.989
0.297,1.947,0.535,93.689,-132.507,-73.242
0.550,2.000,0.498,77.881,-130.188,-68.665
0.799,2.060,0.431,62.256,-134.094,-60.913
0.984,2.010,0.398,49.866,-133.667,-52.979
1.159,1.964,0.455,44.312,-124.146,-49.011
1.285,1.905,0.600,44.556,-108.704,-47.302
1.384,1.849,0.740,42.358,-90.210,-44.861
1.443,1.711,0.874,33.447,-74.219,-35.583
1.382,1.583,0.887,14.648,-65.857,-21.179
1.295,1.422,0.738,-9.766,-55.664,-8.484
1.198,1.244,0.503,-30.762,-45.959,4.150
1.042,1.117,0.289,-42.114,-35.828,16.724
0.841,1.016,0.123,-46.021,-30.396,28.687
0.627,0.937,0.004,-46.448,-25.391,35.645
0.461,0.880,-0.092,-43.579,-15.442,36.194
0.340,0.840,-0.143,-38.818,-5.432,31.860
0.243,0.824,-0.160,-33.508,3.418,26.978
0.153,0.807,-0.158,-28.442,9.277,23.743
0.037,0.798,-0.105,-24.536,10.681,22.888
-0.074,0.800,-0.070,-23.682,12.268,20.203
-0.160,0.795,-0.098,-26.733,14.526,16.724
-0.220,0.802,-0.142,-29.358,13.672,13.794
-0.280,0.806,-0.177,-28.381,9.216,11.047
-0.322,0.818,-0.196,-24.841,7.019,5.920
-0.333,0.824,-0.201,-19.836,7.935,-2.502
-0.292,0.843,-0.184,-13.000,10.132,-12.451
-0.248,0.861,-0.141,-6.165,10.803,-19.409
-0.177,0.895,-0.094,-1.221,8.972,-23.254
-0.132,0.898,-0.026,1.953,7.446,-24.353
-0.069,0.927,0.013,2.014,7.385,-23.682
-0.037,0.950,0.019,0.305,5.676,-21.179
-0.040,0.954,0.006,-2.258,2.502,-16.663
-0.066,0.961,-0.002,-3.540,-0.061,-13.062
-0.090,0.971,-0.011,-3.845,0.122,-13.123
-0.077,0.978,-0.020,-3.662,3.540,-15.198
-0.039,0.988,-0.013,-2.991,6.348,-16.785
-0.021,1.002,-0.009,-2.197,5.249,-15.137
-0.025,1.005,-0.007,-2.136,1.831,-11.230
-0.033,1.005,-0.013,-2.808,-0.061,-7.996
-0.043,1.005,-0.015,-3.601,1.038,-6.775
-0.048,0.999,-0.025,-5.005,1.892,-6.958
-0.050,1.000,-0.036,-6.226,2.808,-6.653
-0.058,0.999,-0.043,-7.019,1.404,-5.493
-0.066,0.999,-0.051,-7.446,1.221,-4.883

0.270,2.310,0.267,-25.024,-108.948,20.325
0.397,2.332,0.300,-37.170,-108.704,18.677
0.504,2.296,0.315,-45.715,-105.347,17.334
0.610,2.256,0.350,-53.467,-103.760,14.771
0.702,2.194,0.467,-56.396,-98.694,10.559
0.751,2.129,0.634,-61.340,-89.966,4.395
0.820,2.036,0.711,-74.219,-87.097,-1.038
0.859,1.874,0.678,-91.003,-88.562,-4.761
0.938,1.690,0.586,-102.234,-90.332,-8.057
1.018,1.503,0.527,-104.919,-84.229,-13.794
1.066,1.324,0.503,-104.858,-68.054,-22.705
1.142,1.161,0.535,-105.286,-48.157,-33.691
1.211,0.997,0.550,-107.544,-32.043,-43.335
1.279,0.839,0.545,-108.826,-16.907,-50.720
1.358,0.684,0.535,-108.215,-6.958,-54.199
1.420,0.523,0.527,-105.164,7.690,-56.152
1.447,0.387,0.497,-106.018,22.827,-57.922
1.418,0.224,0.459,-106.140,42.664,-59.265
1.472,0.103,0.394,-105.957,67.444,-62.866
1.516,-0.019,0.292,-106.995,82.214,-59.570
1.504,-0.132,0.229,-101.746,93.872,-48.767
1.440,-0.241,0.206,-94.177,104.614,-38.025
1.391,-0.319,0.181,-85.571,112.244,-27.466
1.289,-0.410,0.189,-75.378,125.549,-15.930
1.148,-0.457,0.176,-64.209,132.263,-2.747
0.979,-0.486,0.164,-51.819,139.587,10.254
0.797,-0.512,0.173,-43.213,141.846,23.865
0.572,-0.528,0.184,-35.583,146.851,35.156
0.257,-0.515,0.202,-29.358,151.062,46.204
-0.100,-0.538,0.241,-24.597,153.809,52.856
-0.412,-0.526,0.241,-19.226,153.809,53.772
-0.666,-0.505,0.172,-13.672,152.649,49.927
-0.851,-0.493,0.118,-6.592,152.405,44.434
-1.009,-0.449,0.099,2.747,152.405,36.255
-1.111,-0.385,0.052,10.315,159.912,24.414
-1.128,-0.356,0.001,15.503,166.382,9.827
-1.104,-0.307,-0.015,23.010,166.809,-1.465
-1.124,-0.273,-0.015,30.029,164.795,-7.751
-1.145,-0.195,-0.064,36.072,163.696,-12.146
-1.140,-0.170,-0.105,43.091,160.095,-17.212
-1.134,-0.113,-0.088,53.406,154.968,-22.949
-1.091,-0.048,-0.061,61.401,153.198,-28.870
-1.059,0.032,-0.013,68.176,150.269,-30.884
-1.118,0.117,0.025,72.327,143.005,-28.564
-1.207,0.216,0.021,72.937,130.981,-22.278
-1.282,0.291,-0.021,71.350,117.126,-16.174
-1.421,0.389,-0.104,69.458,101.624,-9.033
-1.583,0.463,-0.187,70.984,86.731,-4.150
-1.712,0.574,-0.243,79.041,70.923,-1.404
-1.840,0.754,-0.274,89.783,53.955,-1.709
-1.998,0.877,-0.254,98.633,41.687,-3.479
-2.131,1.004,-0.198,105.286,29.297,-6.348
-2.232,1.126,-0.132,108.337,13.000,-13.428
-2.256,1.265,-0.079,109.192,-3.479,-24.414
-2.198,1.379,-0.082,107.910,-18.188,-36.072
-2.138,1.468,-0.077,105.652,-33.997,-43.823
-2.015,1.572,-0.063,104.492,-54.749,-51.270
-1.878,1.609,-0.058,104.248,-70.984,-58.289
-1.650,1.662,-0.043,104.065,-84.045,-66.528
-1.459,1.655,0.015,104.614,-103.821,-71.838
-1.202,1.741,0.110,109.558,-117.981,-74.829
-0.843,1.824,0.182,110.840,-124.878,-82.275
-0.460,1.866,0.252,106.995,-132.141,-87.524
-0.027,1.922,0.355,105.957,-138.000,-87.646
0.351,1.960,0.482,103.882,-144.836,-83.069
0.655,1.963,0.625,99.670,-151.428,-75.073
0.922,1.978,0.771,93.506,-145.691,-69.275
1.185,1.943,0.890,84.717,-135.071,-63.721
1.367,1.894,1.011,70.801,-126.709,-53.894
1.419,1.831,1.081,54.138,-114.136,-39.978
1.470,1.753,1.069,28.259,-106.934,-24.109
1.428,1.668,0.907,2.563,-97.473,-6.592
1.346,1.555,0.648,-20.081,-80.750,5.920
1.235,1.436,0.394,-37.170,-69.458,13.611
1.101,1.336,0.186,-43.274,-53.772,18.005
0.955,1.241,0.074,-42.297,-35.950,17.578
0.795,1.160,0.037,-38.635,-24.963,15.320
0.667,1.078,0.047,-32.654,-12.756,12.878
0.583,1.001,0.057,-30.518,-2.563,9.766
0.499,0.927,0.035,-32.043,-0.549,11.597
0.397,0.867,-0.003,-31.860,3.479,15.930
0.247,0.810,-0.062,-33.020,6.592,19.470
0.120,0.772,-0.126,-34.851,5.798,19.897
0.028,0.765,-0.162,-31.433,10.559,15.686
-0.042,0.769,-0.180,-29.175,11.902,10.254
-0.097,0.781,-0.178,-24.536,15.015,6.226
-0.132,0.802,-0.174,-21.790,13.916,2.563
-0.162,0.800,-0.149,-17.822,13.428,-0.427
-0.160,0.817,-0.139,-14.526,12.329,-3.479
-0.150,0.828,-0.119,-11.169,12.268,-7.568
-0.139,0.848,-0.090,-7.324,12.817,-11.108
-0.123,0.871,-0.054,-3.845,14.771,-13.428
-0.124,0.898,-0.024,-3.662,12.146,-14.282
-0.139,0.918,0.000,-2.930,9.705,-13.123
-0.154,0.927,0.004,-3.479,10.254,-13.428
-0.157,0.937,-0.015,-4.211,10.681,-14.832
-0.139,0.948,-0.029,-4.211,8.545,-16.296
-0.137,0.943,-0.021,-1.953,7.446,-17.273
-0.113,0.960,-0.011,0.061,5.981,-18.311
-0.088,0.969,0.003,2.075,5.676,-18.005
-0.079,0.979,0.005,2.319,5.981,-17.517
-0.064,0.984,0.000,1.343,1.709,-17.151
-0.036,0.998,-0.009,2.991,5.188,-17.883
-0.011,1.001,-0.006,1.953,7.507,-17.944
-0.003,1.006,0.004,2.014,3.418,-14.221
-0.005,1.008,0.027,1.099,0.549,-11.108
-0.008,1.009,0.033,0.244,-0.366,-7.751
-0.009,1.009,0.022,-2.441,1.587,-6.775
-0.009,1.004,0.005,-3.418,0.183,-4.272
-0.014,1.008,-0.012,-2.563,3.296,-2.991
-0.010,1.008,-0.025,-3.601,2.625,-2.441
-0.014,1.005,-0.035,-4.089,-0.244,-1.709
-0.018,1.005,-0.042,-2.380,3.845,-1.892
-0.027,1.003,-0.047,-1.648,3.235,-1.831
-0.036,1.007,-0.036,0.793,5.859,-1.892
-0.041,1.013,-0.026,0.000,2.869,-1.648
-0.047,1.008,-0.020,0.000,2.319,-1.282
-0.035,1.007,-0.020,-1.465,4.272,-2.441
-0.018,1.005,-0.029,-3.723,-0.305,-2.197

-1.660,1.241,-0.099,19.592,-48.706,51.575
-1.750,1.374,-0.093,21.545,-63.904,43.884
-1.785,1.513,-0.074,24.780,-78.979,30.823
-1.700,1.605,-0.076,26.428,-87.891,14.893
-1.516,1.708,-0.051,28.809,-99.792,-0.610
-1.290,1.815,0.065,32.166,-110.840,-11.108
-1.034,1.932,0.223,32.166,-119.019,-17.883
-0.740,2.029,0.360,25.452,-128.601,-21.179
-0.429,2.126,0.396,13.672,-140.503,-19.592
-0.127,2.172,0.378,0.244,-150.940,-15.625
0.119,2.221,0.408,-7.690,-154.724,-10.986
0.309,2.273,0.503,-14.221,-153.748,-8.667
0.504,2.314,0.574,-22.217,-147.217,-7.690
0.736,2.312,0.566,-36.194,-141.846,-8.057
0.934,2.306,0.565,-48.279,-138.733,-4.822
1.072,2.307,0.633,-58.899,-133.789,-2.441
1.202,2.297,0.734,-67.810,-123.352,-3.967
1.275,2.246,0.814,-82.458,-113.037,-7.629
1.268,2.145,0.867,-99.548,-97.351,-12.817
1.276,1.991,0.855,-119.751,-89.417,-17.761
1.348,1.819,0.779,-133.606,-78.125,-24.536
1.377,1.604,0.677,-145.264,-70.679,-30.457
1.418,1.381,0.611,-148.132,-59.998,-36.194
1.481,1.203,0.605,-146.362,-44.739,-47.424
1.575,1.039,0.601,-145.142,-28.503,-60.486
1.692,0.893,0.649,-142.456,-4.395,-72.510
1.772,0.749,0.693,-144.714,20.386,-79.468
1.795,0.596,0.662,-150.696,33.875,-77.332
1.764,0.476,0.580,-152.588,48.523,-69.336
1.647,0.357,0.485,-152.832,58.411,-58.716
1.551,0.236,0.408,-149.841,78.979,-54.993
1.422,0.071,0.395,-147.278,104.126,-57.861
1.347,-0.097,0.357,-141.602,130.798,-59.875
1.303,-0.296,0.320,-133.972,146.423,-53.223
1.161,-0.478,0.301,-123.718,150.574,-36.316
0.940,-0.620,0.285,-110.779,152.283,-14.709
0.689,-0.757,0.261,-98.022,155.334,5.310
0.422,-0.876,0.249,-82.275,160.583,22.827
0.121,-0.906,0.286,-65.918,163.574,34.302
-0.291,-0.911,0.305,-55.420,169.006,37.170
-0.596,-0.934,0.306,-48.279,180.786,33.203
-0.920,-0.898,0.357,-35.645,181.824,28.992
-1.095,-0.827,0.409,-24.841,179.810,18.677
-1.171,-0.776,0.383,-17.456,181.091,4.700
-1.178,-0.722,0.306,-10.803,181.824,-9.460
-1.137,-0.671,0.226,-1.282,176.514,-19.470
-1.098,-0.623,0.186,11.597,171.265,-25.452
-1.146,-0.553,0.206,25.513,171.143,-30.640
-1.208,-0.490,0.224,37.109,172.791,-36.072
-1.182,-0.407,0.244,46.753,167.175,-42.175
-1.117,-0.294,0.177,51.208,158.447,-46.936
-1.069,-0.220,0.048,51.636,153.259,-49.255
-1.078,-0.129,-0.094,53.772,145.203,-46.753
-1.181,-0.004,-0.174,61.768,131.409,-41.870
-1.354,0.118,-0.283,71.960,117.920,-36.926
-1.457,0.228,-0.328,85.266,105.225,-33.752
-1.565,0.439,-0.340,98.267,91.064,-31.982
-1.658,0.628,-0.381,104.736,79.773,-32.104
-1.806,0.803,-0.403,110.229,66.223,-29.358
-1.964,0.999,-0.367,117.188,44.495,-24.231
-2.151,1.142,-0.366,119.568,21.484,-20.142
-2.324,1.301,-0.392,120.544,0.427,-18.127
-2.406,1.457,-0.428,121.582,-21.118,-24.536
-2.363,1.583,-0.465,123.108,-39.917,-36.194
-2.237,1.683,-0.443,127.869,-57.129,-46.631
-2.119,1.787,-0.319,133.423,-70.801,-55.481
-1.937,1.934,-0.239,133.911,-86.243,-63.599
-1.626,1.981,-0.202,128.601,-108.154,-70.129
-1.245,2.037,-0.202,122.375,-126.221,-74.463
-0.836,2.084,-0.121,118.591,-143.738,-75.806
-0.368,2.106,0.032,116.150,-153.870,-76.599
0.091,2.118,0.237,112.610,-158.569,-75.684
0.518,2.101,0.479,109.070,-155.151,-73.792
0.923,2.071,0.698,101.868,-148.376,-68.115
1.204,2.030,0.839,88.257,-143.311,-54.626
1.347,1.990,0.854,67.261,-138.916,-36.621
1.402,1.910,0.724,41.931,-130.066,-20.874
1.473,1.834,0.535,20.020,-120.728,-8.850
1.466,1.740,0.404,5.493,-115.540,-0.366
1.411,1.627,0.342,-1.831,-101.318,3.967
1.321,1.499,0.343,-5.188,-77.759,1.587
1.221,1.366,0.345,-7.324,-52.124,-2.869
1.156,1.225,0.330,-11.963,-31.555,-6.531
1.089,1.096,0.290,-18.921,-16.724,-5.615
0.982,0.973,0.223,-27.039,-9.216,2.136
0.812,0.876,0.125,-34.424,-7.812,14.221
0.599,0.790,-0.002,-40.466,-5.249,23.193
0.399,0.729,-0.121,-42.908,1.892,25.574
0.258,0.706,-0.207,-41.138,9.155,23.499
0.127,0.691,-0.252,-36.438,12.756,19.348
0.008,0.686,-0.260,-29.480,17.151,14.099
-0.068,0.699,-0.240,-22.949,18.799,8.606
-0.116,0.722,-0.225,-17.273,18.677,5.066
-0.163,0.738,-0.226,-13.428,18.616,3.723
-0.234,0.766,-0.216,-10.254,16.479,2.258
-0.292,0.793,-0.207,-7.996,13.428,-0.916
-0.314,0.819,-0.217,-6.470,12.817,-6.042
-0.284,0.850,-0.223,-4.333,12.512,-12.390
-0.256,0.869,-0.216,-1.160,13.062,-17.151
-0.218,0.888,-0.198,2.380,11.658,-19.165
-0.157,0.915,-0.166,5.859,8.545,-19.775
-0.096,0.933,-0.120,8.545,5.798,-18.005
-0.078,0.954,-0.072,9.460,3.418,-14.893
-0.054,0.978,-0.044,8.728,1.160,-12.024
-0.041,1.000,-0.031,7.080,-0.366,-9.766
-0.020,1.022,-0.038,5.249,-0.916,-7.874
-0.012,1.034,-0.031,4.822,-0.244,-5.310
-0.007,1.039,-0.002,4.883,-1.343,-3.113
-0.010,1.056,0.004,3.662,-2.502,-1.099
-0.021,1.054,-0.005,1.587,-1.404,-0.122
-0.027,1.060,-0.018,0.183,-1.038,0.671
-0.041,1.059,-0.031,-0.488,-2.502,1.587
-0.062,1.048,-0.046,-1.099,-4.028,1.892
-0.071,1.041,-0.061,-1.343,-3.052,0.244
-0.048,1.026,-0.078,-1.221,-1.221,-2.197
-0.010,1.013,-0.093,-0.732,-0.488,-4.150
0.005,1.003,-0.098,0.061,-1.404,-3.784
0.010,0.993,-0.087,0.122,-2.625,-2.563
0.007,0.986,-0.085,-0.916,-2.686,-2.075

-1.780,1.100,-0.204,3.906,-48.950,48.340
-1.797,1.197,-0.314,7.019,-64.880,38.635
-1.740,1.354,-0.365,15.015,-80.505,30.029
-1.666,1.489,-0.334,21.545,-91.797,24.841
-1.608,1.641,-0.217,24.536,-101.257,21.912
-1.507,1.760,-0.143,19.348,-112.732,22.461
-1.348,1.899,-0.123,8.667,-131.104,28.625
-1.159,2.012,-0.145,0.061,-156.921,40.588
-0.957,2.136,-0.117,-2.441,-176.392,48.523
-0.752,2.286,0.063,3.235,-177.490,45.227
-0.462,2.471,0.294,8.362,-167.603,32.227
-0.165,2.613,0.524,8.606,-158.386,19.897
0.160,2.746,0.806,6.653,-153.015,12.329
0.466,2.844,1.104,-0.610,-146.118,7.812
0.710,2.855,1.324,-16.968,-141.418,6.409
0.944,2.792,1.354,-44.128,-144.348,8.057
1.095,2.675,1.231,-72.083,-149.109,11.108
1.237,2.504,1.048,-93.689,-149.536,10.071
1.360,2.346,1.001,-105.469,-142.273,4.395
1.433,2.179,1.001,-113.342,-125.793,-4.272
1.537,1.955,0.934,-120.056,-107.849,-15.869
1.707,1.691,0.820,-123.413,-90.942,-29.419
1.882,1.428,0.773,-122.437,-72.815,-39.856
2.040,1.268,0.913,-121.216,-52.917,-43.518
2.015,1.067,0.993,-131.836,-26.306,-43.579
1.995,0.860,0.885,-152.222,0.732,-47.424
1.996,0.682,0.764,-164.429,23.315,-53.162
1.941,0.530,0.715,-167.542,43.274,-57.068
1.829,0.339,0.689,-167.114,64.758,-59.631
1.739,0.175,0.522,-166.504,84.656,-62.561
1.662,-0.021,0.297,-160.828,101.196,-59.509
1.554,-0.147,0.122,-145.020,108.093,-50.415
1.448,-0.266,0.124,-123.657,110.107,-38.147
1.225,-0.423,0.129,-104.736,114.929,-24.658
1.016,-0.554,0.098,-90.698,121.948,-18.738
0.821,-0.650,0.079,-76.904,127.808,-14.038
0.679,-0.694,0.157,-65.430,134.460,-6.592
0.413,-0.720,0.198,-59.570,144.897,7.141
0.098,-0.750,0.160,-59.204,150.574,19.409
-0.124,-0.779,0.159,-57.129,152.161,24.841
-0.423,-0.768,0.138,-52.979,158.813,26.978
-0.681,-0.785,0.070,-47.241,161.255,28.137
-0.818,-0.776,0.061,-34.485,153.748,26.245
-0.925,-0.756,0.126,-16.846,151.489,19.897
-1.035,-0.730,0.233,-0.793,156.250,9.521
-1.096,-0.645,0.344,9.888,159.424,-3.906
-1.190,-0.603,0.370,13.245,160.339,-16.113
-1.150,-0.578,0.295,14.832,157.776,-28.625
-1.036,-0.536,0.235,21.118,154.358,-40.588
-0.955,-0.512,0.247,30.945,155.396,-49.927
-0.917,-0.467,0.271,40.039,156.982,-54.749
-0.908,-0.363,0.263,46.448,155.457,-53.772
-0.944,-0.294,0.180,48.645,149.292,-46.753
-1.023,-0.262,0.074,50.781,140.320,-37.109
-1.154,-0.207,-0.041,54.749,133.484,-29.785
-1.325,-0.141,-0.150,61.584,129.211,-25.513
-1.498,-0.034,-0.240,71.533,123.657,-25.269
-1.625,0.125,-0.266,81.970,117.554,-30.457
-1.796,0.253,-0.299,89.417,112.061,-36.194
-1.938,0.397,-0.341,95.642,99.670,-40.283
-2.017,0.615,-0.338,101.746,74.341,-41.138
-2.129,0.822,-0.400,103.760,46.509,-39.063
-2.272,0.929,-0.443,105.042,22.217,-34.302
-2.386,1.124,-0.354,113.708,-3.723,-31.616
-2.486,1.299,-0.240,118.225,-22.522,-36.133
-2.511,1.415,-0.219,114.136,-33.264,-43.823
-2.380,1.583,-0.240,110.352,-55.054,-53.040
-2.222,1.676,-0.328,108.276,-81.787,-61.951
-1.906,1.813,-0.454,110.413,-101.074,-74.402
-1.475,1.927,-0.527,119.141,-114.441,-88.989
-1.063,1.935,-0.387,131.470,-120.300,-99.121
-0.634,2.028,-0.010,143.188,-126.709,-102.478
-0.192,2.170,0.369,146.240,-138.062,-99.487
0.259,2.258,0.650,134.827,-146.729,-91.187
0.633,2.372,0.750,112.793,-149.048,-77.209
0.936,2.402,0.742,87.463,-146.729,-63.232
1.169,2.360,0.702,66.101,-140.381,-52.551
1.383,2.258,0.704,52.124,-128.784,-46.692
1.561,2.122,0.728,41.687,-110.107,-44.739
1.619,1.947,0.727,31.555,-92.346,-38.940
1.720,1.783,0.723,19.470,-79.285,-29.480
1.685,1.626,0.670,5.432,-70.129,-10.437
1.491,1.498,0.518,-10.620,-60.303,11.536
1.256,1.354,0.298,-26.306,-48.523,28.198
0.964,1.211,0.125,-34.729,-34.363,34.241
0.745,1.112,0.027,-35.583,-18.982,30.457
0.576,1.040,0.001,-32.410,-4.700,21.301
0.417,0.958,-0.008,-28.992,6.104,14.709
0.289,0.890,-0.016,-26.794,10.620,12.634
0.155,0.856,-0.025,-26.245,12.085,12.451
0.020,0.824,-0.049,-26.917,15.442,11.841
-0.104,0.786,-0.090,-27.893,20.386,11.353
-0.212,0.776,-0.112,-27.100,21.179,9.521
-0.319,0.769,-0.143,-25.452,20.325,5.676
-0.384,0.787,-0.178,-22.644,20.630,-0.122
-0.378,0.819,-0.202,-18.982,18.494,-6.897
-0.348,0.837,-0.196,-15.015,16.357,-13.916
-0.270,0.858,-0.202,-12.207,15.930,-19.287
-0.181,0.870,-0.212,-9.277,13.977,-21.423
-0.113,0.890,-0.188,-5.188,11.108,-20.813
-0.058,0.906,-0.138,-1.099,9.216,-18.066
-0.064,0.924,-0.079,2.014,8.972,-11.963
-0.068,0.968,-0.033,1.892,7.019,-7.507
-0.102,0.983,-0.015,0.000,4.517,-2.441
-0.140,1.001,-0.018,-2.747,2.014,-0.305
-0.145,1.012,-0.042,-4.456,3.662,-1.465
-0.135,1.016,-0.051,-4.150,7.080,-4.517
-0.110,1.014,-0.028,-2.319,8.301,-7.751
-0.080,1.019,-0.008,-1.343,6.836,-8.728
-0.071,1.020,0.009,-2.136,4.211,-8.545
-0.074,1.015,0.008,-3.967,2.502,-6.775
-0.078,1.006,-0.006,-6.104,0.427,-5.005
-0.088,0.991,-0.029,-8.118,0.061,-3.845
-0.084,0.962,-0.060,-9.644,1.038,-3.662
-0.070,0.968,-0.108,-9.827,1.343,-3.662
-0.051,0.933,-0.126,-8.911,0.610,-3.296
-0.042,0.924,-0.134,-6.470,1.892,-3.174
-0.039,0.913,-0.129,-4.456,3.723,-3.845
-0.030,0.904,-0.130,-3.357,5.066,-4.517

-2.088,0.909,-0.562,-21.179,-47.241,78.674
-2.380,0.943,-0.612,-6.348,-63.110,80.139
-2.601,1.016,-0.613,7.385,-79.285,78.857
-2.730,1.198,-0.476,22.644,-94.971,72.632
-2.793,1.444,-0.316,31.128,-104.797,63.110
-2.694,1.704,-0.243,30.823,-118.896,55.481
-2.470,1.944,-0.223,30.457,-145.813,55.420
-2.214,2.129,-0.138,31.860,-173.340,64.270
-1.985,2.321,0.031,35.706,-198.303,73.242
-1.579,2.564,0.158,39.795,-217.224,73.120
-1.089,2.754,0.400,47.607,-222.595,60.791
-0.447,2.956,0.777,57.861,-215.698,38.818
0.211,3.137,1.295,62.927,-206.848,19.409
0.861,3.238,1.784,50.903,-196.533,6.348
1.446,3.262,1.966,15.747,-191.101,2.258
1.880,3.176,1.903,-26.733,-190.613,5.554
2.119,2.996,1.806,-57.800,-186.340,9.155
2.242,2.775,1.817,-74.585,-175.781,5.066
2.392,2.508,1.818,-89.111,-153.442,-11.719
2.547,2.183,1.685,-109.192,-125.244,-35.767
2.663,1.818,1.489,-128.784,-97.595,-56.335
2.719,1.451,1.289,-143.127,-70.984,-70.618
2.759,1.136,1.215,-153.748,-45.959,-77.942
2.703,0.879,1.109,-167.236,-23.010,-75.562
2.581,0.616,0.823,-185.181,2.136,-66.467
2.325,0.357,0.503,-198.364,27.039,-56.519
2.022,0.189,0.243,-199.036,50.171,-51.758
1.766,0.077,0.106,-185.120,73.242,-54.016
1.501,-0.002,0.024,-165.833,95.276,-61.218
1.371,-0.081,0.012,-143.311,115.173,-66.956
1.176,-0.156,0.011,-120.178,128.784,-66.101
0.984,-0.266,0.116,-99.365,137.207,-63.477
0.750,-0.342,0.348,-84.229,149.719,-58.105
0.496,-0.429,0.370,-84.778,168.213,-52.612
0.316,-0.564,0.272,-91.492,176.697,-48.035
0.046,-0.649,0.215,-88.501,175.781,-43.091
-0.233,-0.695,0.194,-76.233,173.401,-34.058
-0.411,-0.719,0.229,-58.716,169.067,-28.320
-0.576,-0.764,0.190,-43.213,169.983,-23.193
-0.714,-0.815,0.134,-28.748,170.410,-18.372
-0.789,-0.847,0.155,-14.282,166.626,-17.578
-0.830,-0.867,0.220,-3.113,168.518,-20.142
-0.829,-0.852,0.306,4.150,175.964,-25.818
-0.937,-0.830,0.288,7.874,185.120,-29.602
-0.980,-0.819,0.242,14.038,185.059,-27.649
-0.998,-0.761,0.233,25.330,172.424,-22.705
-1.133,-0.715,0.204,35.889,164.490,-15.991
-1.226,-0.693,0.174,44.067,162.170,-12.573
-1.310,-0.633,0.126,50.964,156.677,-13.062
-1.394,-0.581,0.028,57.983,150.208,-14.221
-1.404,-0.505,-0.036,67.993,143.250,-17.456
-1.406,-0.365,-0.052,79.346,136.230,-21.729
-1.436,-0.229,-0.070,88.745,131.958,-26.062
-1.530,-0.080,-0.086,98.328,124.512,-25.940
-1.637,0.084,-0.082,108.459,106.384,-21.545
-1.784,0.250,-0.057,115.234,87.830,-17.334
-2.003,0.407,-0.066,118.347,73.914,-16.479
-2.160,0.516,-0.123,117.004,60.303,-22.095
-2.241,0.721,-0.195,118.286,41.199,-28.381
-2.336,0.870,-0.182,123.474,19.775,-33.936
-2.375,1.074,-0.145,129.700,2.808,-40.100
-2.388,1.257,-0.149,133.179,-15.015,-49.927
-2.298,1.421,-0.138,134.766,-37.354,-58.838
-2.129,1.558,-0.141,138.428,-59.814,-67.505
-1.958,1.604,-0.067,144.287,-76.599,-77.209
-1.691,1.711,0.063,151.184,-91.370,-84.595
-1.340,1.877,0.186,152.344,-105.469,-91.431
-0.982,1.983,0.222,144.470,-112.732,-94.727
-0.632,2.086,0.221,133.545,-124.268,-92.163
-0.230,2.188,0.234,124.023,-138.062,-87.158
0.140,2.251,0.343,118.652,-144.897,-80.261
0.457,2.302,0.570,118.652,-146.545,-73.669
0.731,2.323,0.837,119.019,-147.034,-69.031
1.016,2.303,1.009,109.375,-137.329,-68.115
1.260,2.233,1.032,88.745,-121.094,-65.491
1.465,2.183,0.962,60.730,-110.535,-53.833
1.603,2.109,0.760,30.090,-105.774,-34.119
1.532,1.947,0.524,4.272,-100.220,-12.390
1.481,1.858,0.369,-10.437,-89.966,0.854
1.284,1.698,0.321,-14.160,-74.768,10.376
1.128,1.566,0.336,-13.977,-58.838,11.292
0.989,1.422,0.330,-15.808,-42.175,5.371
0.893,1.290,0.323,-18.921,-26.123,-0.793
0.813,1.181,0.311,-23.743,-14.160,-2.686
0.681,1.069,0.252,-30.762,-5.310,-0.549
0.528,0.977,0.159,-37.170,0.488,4.395
0.360,0.895,0.072,-40.894,2.869,8.850
0.192,0.832,-0.003,-41.748,7.019,10.010
0.044,0.786,-0.061,-39.734,12.268,6.592
-0.058,0.772,-0.099,-35.339,16.418,-0.122
-0.090,0.766,-0.132,-30.090,18.799,-6.897
-0.100,0.764,-0.128,-24.048,20.264,-11.597
-0.112,0.779,-0.093,-18.921,21.118,-14.221
-0.117,0.789,-0.065,-16.296,21.545,-15.930
-0.098,0.821,-0.069,-15.991,20.081,-17.212
-0.125,0.833,-0.084,-15.503,19.165,-16.968
-0.139,0.863,-0.092,-14.587,18.982,-15.503
-0.156,0.882,-0.108,-12.451,16.418,-11.841
-0.184,0.901,-0.103,-9.277,12.634,-8.911
-0.193,0.922,-0.081,-5.920,11.169,-8.240
-0.176,0.943,-0.056,-3.235,10.559,-9.949
-0.143,0.963,-0.036,-1.465,9.705,-11.292
-0.119,0.976,-0.011,-0.061,9.827,-11.597
-0.095,1.004,0.031,1.221,9.521,-11.353
-0.090,1.030,0.069,0.854,8.911,-10.132
-0.100,1.040,0.088,-1.953,7.690,-8.667
-0.102,1.057,0.075,-5.066,4.761,-7.080
-0.092,1.059,0.044,-7.019,3.540,-6.531
-0.073,1.047,0.019,-7.446,3.662,-7.019
-0.054,1.047,0.011,-6.470,3.113,-8.057
-0.032,1.044,0.021,-5.310,2.808,-8.789
-0.016,1.044,0.035,-5.371,3.601,-9.399
-0.001,1.041,0.033,-6.531,4.639,-10.010
0.017,1.036,0.035,-7.690,5.188,-9.216
0.026,1.033,0.035,-8.911,4.333,-7.263
0.024,1.022,0.016,-10.376,4.639,-5.676
0.022,1.006,-0.011,-11.719,5.493,-4.944
0.025,0.990,-0.037,-11.902,6.836,-4.883
0.021,0.971,-0.060,-11.353,8.728,-5.066

-1.655,1.231,-0.148,-16.174,-42.908,47.607
-1.751,1.370,-0.293,-22.400,-60.303,54.932
-1.833,1.515,-0.463,-25.574,-85.327,67.566
-1.887,1.682,-0.630,-24.353,-108.582,77.454
-1.884,1.873,-0.731,-18.250,-125.549,78.308
-1.740,2.075,-0.737,-8.484,-137.939,68.848
-1.453,2.292,-0.630,5.066,-145.935,52.917
-1.022,2.549,-0.419,20.142,-149.963,35.278
-0.476,2.795,-0.120,33.203,-149.170,19.043
0.116,2.935,0.323,42.480,-142.395,7.812
0.673,3.120,0.816,37.903,-135.803,3.845
1.157,3.230,1.188,13.733,-132.935,10.559
1.537,3.217,1.313,-24.353,-138.733,24.231
1.859,3.066,1.310,-61.218,-142.517,33.936
2.131,2.844,1.301,-87.097,-133.423,35.278
2.373,2.589,1.246,-105.408,-117.493,32.776
2.513,2.306,1.130,-119.873,-99.426,29.968
2.533,2.048,0.999,-129.028,-78.735,26.794
2.439,1.812,0.935,-134.216,-59.631,23.010
2.288,1.558,0.912,-140.015,-42.908,19.287
2.112,1.306,0.950,-150.208,-24.658,14.465
1.869,1.056,0.898,-166.138,-1.587,8.667
1.653,0.767,0.679,-183.472,19.287,2.075
1.486,0.577,0.449,-189.819,32.959,-4.761
1.291,0.380,0.324,-183.167,50.049,-13.672
1.125,0.185,0.305,-169.434,66.223,-24.597
0.972,0.036,0.332,-155.090,75.562,-33.447
0.934,-0.122,0.318,-144.653,84.778,-42.725
0.901,-0.302,0.301,-133.728,97.107,-45.349
0.795,-0.435,0.352,-120.667,102.112,-41.748
0.575,-0.536,0.482,-107.727,105.164,-32.532
0.260,-0.612,0.589,-99.670,112.915,-22.339
-0.026,-0.712,0.561,-97.778,121.643,-18.311
-0.206,-0.829,0.455,-97.229,127.319,-20.447
-0.345,-0.949,0.386,-91.187,134.888,-25.391
-0.363,-1.030,0.327,-81.360,143.860,-35.706
-0.342,-1.136,0.289,-68.665,153.381,-44.678
-0.335,-1.150,0.349,-55.115,160.828,-50.781
-0.430,-1.124,0.370,-44.312,167.175,-47.241
-0.598,-1.132,0.337,-38.513,167.419,-34.241
-0.755,-1.144,0.259,-33.142,159.729,-18.860
-0.865,-1.165,0.162,-24.475,155.823,-7.385
-0.998,-1.161,0.059,-11.353,154.541,-1.343
-1.123,-1.076,0.032,4.761,152.832,-0.793
-1.309,-0.931,0.028,21.118,155.090,-2.747
-1.473,-0.822,0.024,34.546,156.860,-6.592
-1.535,-0.700,0.020,45.288,152.466,-13.672
-1.571,-0.577,-0.025,52.979,146.240,-18.677
-1.692,-0.466,-0.117,60.059,135.559,-14.893
-1.839,-0.324,-0.191,68.604,115.234,-10.010
-2.006,-0.144,-0.279,76.111,98.022,-10.864
-2.164,0.018,-0.372,83.008,89.111,-17.944
-2.291,0.176,-0.453,91.064,78.613,-29.602
-2.353,0.368,-0.490,102.600,57.739,-40.161
-2.388,0.523,-0.492,114.136,32.104,-50.659
-2.391,0.659,-0.510,124.268,12.451,-58.105
-2.336,0.825,-0.475,136.292,-6.287,-64.453
-2.340,1.080,-0.456,145.203,-25.574,-68.115
-2.318,1.326,-0.446,146.912,-42.847,-72.632
-2.241,1.534,-0.432,146.912,-64.209,-77.393
-2.063,1.743,-0.397,147.461,-86.670,-80.444
-1.780,1.870,-0.359,146.484,-100.159,-90.698
-1.437,1.939,-0.225,149.475,-104.309,-104.919
-1.031,2.094,0.029,156.860,-110.962,-116.638
-0.536,2.307,0.315,157.837,-122.742,-121.826
-0.033,2.472,0.501,147.339,-132.141,-118.958
0.438,2.577,0.604,130.615,-138.916,-108.948
0.763,2.592,0.682,112.305,-144.104,-95.703
0.982,2.529,0.771,94.238,-142.212,-82.581
1.162,2.415,0.855,74.768,-131.897,-76.599
1.356,2.272,0.869,52.551,-116.638,-75.806
1.509,2.075,0.812,28.625,-100.769,-68.848
1.619,1.885,0.702,4.883,-89.600,-54.749
1.601,1.677,0.525,-16.724,-80.505,-35.950
1.491,1.477,0.333,-34.302,-71.289,-15.503
1.333,1.294,0.159,-45.715,-60.730,2.441
1.126,1.142,0.011,-51.697,-49.255,15.808
0.909,1.003,-0.109,-51.941,-35.461,22.095
0.727,0.901,-0.210,-47.729,-22.888,21.912
0.575,0.823,-0.261,-40.405,-12.817,19.226
0.433,0.767,-0.266,-32.593,-4.456,16.724
0.315,0.736,-0.235,-26.062,0.488,15.625
0.191,0.733,-0.215,-22.095,2.930,15.686
0.057,0.728,-0.219,-20.996,5.005,15.442
-0.064,0.746,-0.251,-20.386,5.432,13.794
-0.144,0.769,-0.270,-18.982,4.578,10.193
-0.229,0.777,-0.266,-16.235,4.944,5.615
-0.282,0.802,-0.248,-12.329,5.920,-0.793
-0.269,0.824,-0.215,-8.667,6.287,-10.559
-0.209,0.854,-0.168,-5.005,7.507,-20.447
-0.146,0.879,-0.126,-3.662,8.240,-27.222
-0.118,0.897,-0.107,-4.089,6.958,-28.687
-0.088,0.919,-0.111,-5.188,3.418,-27.527
-0.066,0.917,-0.107,-4.822,1.587,-25.452
-0.069,0.922,-0.107,-3.723,2.075,-22.034
-0.052,0.929,-0.111,-2.686,1.343,-19.836
-0.026,0.937,-0.124,-2.014,0.488,-17.822
-0.019,0.947,-0.122,-1.404,1.160,-17.395
-0.040,0.961,-0.105,-1.282,2.075,-16.846
-0.047,0.972,-0.104,-2.441,2.197,-16.174
-0.039,0.974,-0.120,-3.601,2.014,-15.015
-0.038,0.972,-0.146,-3.662,1.404,-13.184
-0.047,0.970,-0.157,-3.113,-0.122,-10.986
-0.050,0.976,-0.152,-2.014,-2.014,-9.216
-0.047,0.977,-0.151,-1.587,-2.319,-8.850
-0.041,0.980,-0.161,-1.526,-0.793,-9.155
-0.041,0.977,-0.163,-1.465,-0.305,-8.789
-0.041,0.976,-0.163,-0.793,0.183,-8.240
-0.036,0.971,-0.178,-0.977,0.732,-7.812
-0.014,0.974,-0.197,-0.427,0.244,-6.958
-0.028,0.953,-0.205,1.404,0.183,-5.249
-0.010,0.961,-0.202,3.113,-0.671,-5.920
0.013,0.957,-0.191,5.005,0.427,-5.493
0.019,0.971,-0.163,5.432,0.488,-5.005
0.003,0.973,-0.145,4.456,-0.366,-3.174
-0.012,0.979,-0.160,2.502,0.122,-2.197
-0.030,0.977,-0.179,1.587,0.793,-1.770
-0.041,0.980,-0.191,1.648,1.831,-2.197
-0.032,0.977,-0.193,2.258,3.723,-3.113

-1.612,0.938,-0.248,11.658,-16.785,12.817
-1.808,1.041,-0.212,14.343,-30.457,12.207
-1.906,1.220,-0.189,15.991,-40.222,4.639
-1.935,1.385,-0.150,16.052,-49.255,-3.662
-1.850,1.603,-0.078,15.442,-66.711,-7.324
-1.679,1.791,-0.079,12.024,-86.792,-8.057
-1.466,1.982,-0.131,8.606,-105.042,-5.920
-1.192,2.176,-0.171,5.798,-126.526,4.028
-1.015,2.382,-0.174,2.625,-146.057,19.836
-0.845,2.584,-0.133,0.916,-162.415,33.142
-0.607,2.768,0.039,2.808,-173.706,36.865
-0.283,2.975,0.314,4.761,-169.312,27.710
0.155,3.174,0.641,-0.122,-156.250,14.221
0.575,3.285,0.933,-16.296,-150.940,11.475
0.888,3.241,1.032,-42.114,-155.884,20.325
1.147,3.082,1.049,-69.275,-164.062,32.288
1.348,2.868,1.002,-90.698,-163.147,38.391
1.511,2.655,0.951,-106.323,-154.114,35.767
1.697,2.395,0.961,-116.943,-137.878,25.574
1.907,2.091,0.936,-125.305,-118.774,12.024
2.137,1.767,0.798,-135.681,-102.173,-0.488
2.317,1.451,0.658,-142.761,-88.928,-8.179
2.435,1.185,0.581,-143.921,-78.613,-11.108
2.464,0.955,0.585,-142.212,-64.148,-13.855
2.419,0.746,0.610,-140.076,-38.452,-22.095
2.378,0.511,0.594,-138.855,-11.475,-34.302
2.358,0.285,0.601,-136.597,13.306,-45.593
2.319,0.071,0.752,-135.803,39.673,-53.711
2.265,-0.143,0.778,-141.479,67.383,-58.350
2.249,-0.354,0.693,-147.888,86.914,-55.420
2.112,-0.563,0.602,-147.278,100.769,-40.405
1.905,-0.713,0.537,-139.771,106.567,-21.423
1.652,-0.853,0.419,-129.150,115.173,-7.324
1.372,-0.964,0.334,-114.929,133.484,-0.793
1.113,-0.987,0.368,-94.482,146.606,3.418
0.870,-0.999,0.518,-75.317,152.588,10.437
0.504,-0.935,0.617,-63.538,157.471,22.278
0.099,-0.931,0.633,-59.509,159.729,36.255
-0.205,-0.933,0.591,-57.434,159.668,44.617
-0.463,-0.967,0.517,-52.612,162.292,44.678
-0.678,-0.950,0.454,-44.556,165.771,36.194
-0.830,-0.901,0.406,-31.860,169.678,26.062
-0.916,-0.844,0.420,-18.005,170.105,16.907
-0.980,-0.773,0.440,-5.859,171.265,10.376
-1.017,-0.727,0.446,3.845,170.837,8.484
-1.159,-0.677,0.411,10.742,166.260,11.353
-1.376,-0.687,0.270,14.954,162.720,16.541
-1.526,-0.685,0.130,22.339,156.616,15.015
-1.618,-0.624,0.059,33.325,157.715,3.174
-1.696,-0.509,-0.014,43.945,168.396,-14.587
-1.673,-0.392,-0.042,56.335,170.959,-28.931
-1.688,-0.246,-0.024,69.397,162.903,-36.316
-1.724,-0.120,-0.024,78.430,152.771,-37.720
-1.834,0.007,-0.017,84.717,138.611,-34.058
-1.948,0.129,-0.066,88.257,121.094,-28.442
-2.074,0.260,-0.171,90.454,102.295,-24.475
-2.222,0.377,-0.287,93.323,84.961,-23.621
-2.297,0.525,-0.398,98.328,69.153,-26.855
-2.306,0.691,-0.475,104.187,52.185,-34.058
-2.334,0.796,-0.513,110.291,38.513,-39.490
-2.348,0.940,-0.516,119.385,22.095,-42.480
-2.349,1.071,-0.444,131.104,-0.610,-46.265
-2.325,1.205,-0.336,140.930,-20.630,-49.866
-2.258,1.394,-0.207,145.752,-35.889,-54.504
-2.088,1.565,-0.164,143.677,-49.011,-63.782
-1.820,1.765,-0.213,137.451,-64.758,-71.716
-1.522,1.916,-0.273,131.592,-81.360,-77.026
-1.241,1.952,-0.211,130.493,-94.482,-78.125
-0.941,2.020,-0.027,134.705,-106.079,-78.369
-0.635,2.123,0.224,138.550,-116.882,-77.271
-0.331,2.224,0.477,136.047,-126.221,-72.937
-0.004,2.345,0.638,124.084,-133.606,-67.078
0.266,2.391,0.688,103.394,-135.132,-58.960
0.456,2.369,0.658,79.956,-130.432,-50.964
0.583,2.313,0.661,61.829,-125.549,-45.044
0.714,2.225,0.688,47.058,-119.141,-42.114
0.804,2.109,0.659,31.006,-108.582,-37.537
0.894,1.979,0.562,12.756,-100.708,-30.823
0.967,1.840,0.414,-3.540,-94.910,-20.447
0.987,1.676,0.255,-16.296,-87.280,-10.193
0.975,1.514,0.137,-24.048,-80.139,-3.479
0.928,1.364,0.067,-26.489,-72.449,-1.648
0.900,1.238,0.034,-25.452,-62.866,-2.563
0.862,1.126,0.042,-23.071,-53.528,-4.822
0.814,1.034,0.043,-22.888,-41.748,-6.897
0.738,0.944,0.023,-25.452,-30.884,-7.324
0.664,0.870,-0.005,-28.442,-23.865,-4.578
0.590,0.803,-0.067,-31.616,-20.264,-0.610
0.498,0.758,-0.133,-32.410,-15.808,4.028
0.380,0.732,-0.162,-29.785,-11.902,7.141
0.252,0.726,-0.173,-25.696,-8.057,7.812
0.136,0.724,-0.172,-21.667,-3.784,5.920
0.047,0.734,-0.175,-17.517,-0.366,2.502
-0.006,0.765,-0.160,-13.306,2.441,-0.244
-0.070,0.786,-0.135,-10.010,4.944,-1.404
-0.124,0.806,-0.109,-7.874,7.019,-3.357
-0.165,0.832,-0.097,-7.080,8.484,-7.141
-0.205,0.858,-0.099,-7.202,9.705,-11.414
-0.246,0.867,-0.079,-7.141,10.010,-15.564
-0.204,0.926,-0.102,-7.263,8.667,-20.325
-0.192,0.926,-0.122,-6.714,9.033,-19.592
-0.175,0.953,-0.116,-6.226,5.737,-18.066
-0.165,0.950,-0.103,-5.798,1.099,-14.160
-0.173,0.955,-0.131,-6.897,0.244,-13.672
-0.140,0.952,-0.166,-6.714,1.282,-15.869
-0.108,0.950,-0.163,-5.127,2.319,-17.517
-0.076,0.976,-0.157,-3.479,1.587,-18.005
-0.074,0.984,-0.137,-2.075,0.671,-15.015
-0.073,0.999,-0.111,-1.404,-1.526,-12.451
-0.066,1.001,-0.103,-1.831,-3.662,-9.399
-0.077,0.997,-0.111,-2.686,-5.066,-6.104
-0.081,0.990,-0.132,-3.235,-5.432,-4.272
-0.085,0.982,-0.143,-2.930,-3.906,-4.150
-0.075,0.981,-0.137,-1.953,-1.587,-4.700
-0.058,0.983,-0.134,-1.587,-0.610,-4.944
-0.049,0.984,-0.143,-2.258,-0.305,-3.845
-0.054,0.982,-0.164,-2.930,0.122,-2.380
-0.061,0.980,-0.180,-2.869,-0.977,-1.465
-0.079,0.975,-0.186,-2.380,-1.404,-0.610

